"Date","O18"
1871-01-15,-6.12074708938599
1871-02-15,-1.61916625499725
1871-03-15,-2.36799001693726
1871-04-15,-3.72353172302246
1871-05-15,-4.9472279548645
1871-06-15,-3.69383931159973
1871-07-15,-4.73697996139526
1871-08-15,-5.06415128707886
1871-09-15,-3.58128070831299
1871-10-15,-3.25272679328918
1871-11-15,-2.44016003608704
1871-12-15,-3.43998265266418
1872-01-15,-5.17133283615112
1872-02-15,-4.17310762405396
1872-03-15,-2.94529747962952
1872-04-15,-4.33632183074951
1872-05-15,-4.37727975845337
1872-06-15,-4.89581060409546
1872-07-15,-5.09543704986572
1872-08-15,-6.03606557846069
1872-09-15,-4.36572265625
1872-10-15,-6.66545534133911
1872-11-15,-0.753629803657532
1872-12-15,-1.56009769439697
1873-01-15,-12.3356466293335
1873-02-15,-1.63507175445557
1873-03-15,-5.89799451828003
1873-04-15,-3.70559239387512
1873-05-15,-3.56250309944153
1873-06-15,-6.20009183883667
1873-07-15,-5.02370834350586
1873-08-15,-5.11321592330933
1873-09-15,-5.33184862136841
1873-10-15,-5.11907720565796
1873-11-15,0.168329209089279
1873-12-15,-2.69541168212891
1874-01-15,-3.33155083656311
1874-02-15,-9.47927474975586
1874-03-15,-3.86824011802673
1874-04-15,-7.24198293685913
1874-05-15,-3.88478755950928
1874-06-15,-4.58908319473267
1874-07-15,-5.96689605712891
1874-08-15,-6.52320241928101
1874-09-15,-4.28630113601685
1874-10-15,-5.27486276626587
1874-11-15,-2.51256513595581
1874-12-15,-2.12530279159546
1875-01-15,-3.11046051979065
1875-02-15,-3.17446637153625
1875-03-15,-2.32752847671509
1875-04-15,-3.71665668487549
1875-05-15,-4.59214162826538
1875-06-15,-4.52955341339111
1875-07-15,-4.81355619430542
1875-08-15,-5.61757659912109
1875-09-15,-4.06999921798706
1875-10-15,-1.04537117481232
1875-11-15,-4.65594720840454
1875-12-15,-7.09743690490723
1876-01-15,-2.21192002296448
1876-02-15,-4.16227054595947
1876-03-15,-1.8204585313797
1876-04-15,-5.59504508972168
1876-05-15,-4.63689613342285
1876-06-15,-5.55657052993774
1876-07-15,-5.46088838577271
1876-08-15,-5.52694177627563
1876-09-15,-5.65682172775269
1876-10-15,-3.06466627120972
1876-11-15,-4.76977014541626
1876-12-15,-2.51593565940857
1877-01-15,-2.14673972129822
1877-02-15,-2.79640460014343
1877-03-15,-3.49412536621094
1877-04-15,-4.06610107421875
1877-05-15,-5.22332239151001
1877-06-15,-7.75750350952148
1877-07-15,-5.70072031021118
1877-08-15,-4.99636650085449
1877-09-15,-5.11515522003174
1877-10-15,-4.13790464401245
1877-11-15,-0.76923680305481
1877-12-15,-3.48025918006897
1878-01-15,-3.54275465011597
1878-02-15,-2.2261757850647
1878-03-15,-4.15804529190063
1878-04-15,-4.3045506477356
1878-05-15,-4.51015901565552
1878-06-15,-4.68517541885376
1878-07-15,-5.43343019485474
1878-08-15,-6.87053442001343
1878-09-15,-5.03825807571411
1878-10-15,-1.6415992975235
1878-11-15,-5.63570165634155
1878-12-15,-2.74033999443054
1879-01-15,-2.95900845527649
1879-02-15,-3.94464612007141
1879-03-15,-2.95725059509277
1879-04-15,-2.90840935707092
1879-05-15,-6.09768629074097
1879-06-15,-6.3699254989624
1879-07-15,-6.42185878753662
1879-08-15,-4.70853853225708
1879-09-15,-4.15930461883545
1879-10-15,-4.43877458572388
1879-11-15,-3.57385897636414
1879-12-15,-2.07938170433044
1880-01-15,-3.23002743721008
1880-02-15,-4.30157899856567
1880-03-15,-5.84341096878052
1880-04-15,-4.22177934646606
1880-05-15,-5.24529314041138
1880-06-15,-6.54448652267456
1880-07-15,-5.65857267379761
1880-08-15,-4.76377582550049
1880-09-15,-3.50781464576721
1880-10-15,-4.34625387191772
1880-11-15,-3.38559627532959
1880-12-15,-5.56053781509399
1881-01-15,-3.68757510185242
1881-02-15,-4.20055913925171
1881-03-15,-3.58067417144775
1881-04-15,-6.68308925628662
1881-05-15,-4.10481595993042
1881-06-15,-5.53960800170898
1881-07-15,-5.23211431503296
1881-08-15,-6.23392057418823
1881-09-15,-3.25908732414246
1881-10-15,-3.88771224021912
1881-11-15,-2.91307926177979
1881-12-15,-3.73871302604675
1882-01-15,-2.69440937042236
1882-02-15,-5.13168668746948
1882-03-15,-3.98264384269714
1882-04-15,-2.96156191825867
1882-05-15,-5.88436126708984
1882-06-15,-4.52162027359009
1882-07-15,-6.47862863540649
1882-08-15,-4.21977233886719
1882-09-15,-3.16799426078796
1882-10-15,-2.73435115814209
1882-11-15,-4.55826759338379
1882-12-15,-3.73607182502747
1883-01-15,-5.71335458755493
1883-02-15,-3.36685013771057
1883-03-15,-4.30226707458496
1883-04-15,-5.46336507797241
1883-05-15,-3.21614646911621
1883-06-15,-6.09048223495483
1883-07-15,-5.98884725570679
1883-08-15,-5.60595321655273
1883-09-15,-4.53974294662476
1883-10-15,-5.06820058822632
1883-11-15,-3.77694535255432
1883-12-15,-2.91164517402649
1884-01-15,-5.28331279754639
1884-02-15,-3.46878147125244
1884-03-15,-3.81505799293518
1884-04-15,-3.47629523277283
1884-05-15,-4.80016088485718
1884-06-15,-6.12183094024658
1884-07-15,-5.63914680480957
1884-08-15,-5.83169746398926
1884-09-15,-5.03929328918457
1884-10-15,-3.6385862827301
1884-11-15,-3.79893255233765
1884-12-15,-4.00180387496948
1885-01-15,-1.09018766880035
1885-02-15,-2.06860947608948
1885-03-15,-3.72208571434021
1885-04-15,-4.60667276382446
1885-05-15,-4.96844339370728
1885-06-15,-3.95361423492432
1885-07-15,-6.63407850265503
1885-08-15,-4.8256049156189
1885-09-15,-4.40614318847656
1885-10-15,-5.11388969421387
1885-11-15,-6.17876863479614
1885-12-15,-4.88251113891602
1886-01-15,-3.10930943489075
1886-02-15,-2.44870018959045
1886-03-15,-4.78478384017944
1886-04-15,-7.1794285774231
1886-05-15,-5.1664342880249
1886-06-15,-5.30465602874756
1886-07-15,-6.1820821762085
1886-08-15,-3.77230334281921
1886-09-15,-4.95656776428223
1886-10-15,-2.46295380592346
1886-11-15,-4.14487552642822
1886-12-15,-4.39774036407471
1887-01-15,-3.77757787704468
1887-02-15,-5.08311319351196
1887-03-15,-5.22466802597046
1887-04-15,-4.73561811447144
1887-05-15,-4.69254875183105
1887-06-15,-6.13484525680542
1887-07-15,-8.08973026275635
1887-08-15,-5.4709587097168
1887-09-15,-3.10734796524048
1887-10-15,-3.4210467338562
1887-11-15,-3.34342408180237
1887-12-15,-2.87699031829834
1888-01-15,-3.41800093650818
1888-02-15,-3.82898354530334
1888-03-15,-3.13184094429016
1888-04-15,-5.5224814414978
1888-05-15,-8.05636501312256
1888-06-15,-6.84427881240845
1888-07-15,-4.78072881698608
1888-08-15,-4.60488319396973
1888-09-15,-3.21126961708069
1888-10-15,-3.36006426811218
1888-11-15,-2.6123161315918
1888-12-15,-4.8048210144043
1889-01-15,-3.55210065841675
1889-02-15,-4.10770130157471
1889-03-15,-4.66836214065552
1889-04-15,-4.64931344985962
1889-05-15,-5.88433694839478
1889-06-15,-6.80788564682007
1889-07-15,-7.61281728744507
1889-08-15,-5.00959300994873
1889-09-15,-5.80575132369995
1889-10-15,-3.03503561019897
1889-11-15,-3.50286626815796
1889-12-15,-5.85626792907715
1890-01-15,-7.10357522964478
1890-02-15,-7.47570848464966
1890-03-15,-5.27312994003296
1890-04-15,-6.45088338851929
1890-05-15,-5.61519193649292
1890-06-15,-7.92950105667114
1890-07-15,-5.42775058746338
1890-08-15,-7.14743947982788
1890-09-15,-4.40837287902832
1890-10-15,-3.78864097595215
1890-11-15,-4.06141948699951
1890-12-15,-5.57920837402344
1891-01-15,-2.42419147491455
1891-02-15,-5.72775363922119
1891-03-15,-3.34410691261292
1891-04-15,-3.7270929813385
1891-05-15,-4.60888624191284
1891-06-15,-5.91730737686157
1891-07-15,-6.24081087112427
1891-08-15,-4.81780672073364
1891-09-15,-4.09195947647095
1891-10-15,-4.46764421463013
1891-11-15,-3.53461360931396
1891-12-15,-3.3134663105011
1892-01-15,-4.59534215927124
1892-02-15,-3.25110125541687
1892-03-15,-3.24096035957336
1892-04-15,-5.49642896652222
1892-05-15,-5.04283952713013
1892-06-15,-7.07358026504517
1892-07-15,-5.4652886390686
1892-08-15,-6.14068222045898
1892-09-15,-4.62409782409668
1892-10-15,-4.51826953887939
1892-11-15,-4.84997463226318
1892-12-15,-3.83305692672729
1893-01-15,-2.74654769897461
1893-02-15,-4.03087425231934
1893-03-15,-5.68742370605469
1893-04-15,-5.11919927597046
1893-05-15,-5.52269220352173
1893-06-15,-6.44841957092285
1893-07-15,-6.56704568862915
1893-08-15,-6.01364326477051
1893-09-15,-4.18830633163452
1893-10-15,-5.26110601425171
1893-11-15,-2.43709945678711
1893-12-15,-3.04380965232849
1894-01-15,-5.07987403869629
1894-02-15,-1.71274435520172
1894-03-15,-3.597407579422
1894-04-15,-6.80471420288086
1894-05-15,-3.83126544952393
1894-06-15,-6.94918489456177
1894-07-15,-4.12145471572876
1894-08-15,-4.5208888053894
1894-09-15,-4.48252058029175
1894-10-15,-3.79133772850037
1894-11-15,-3.34374380111694
1894-12-15,-2.97902059555054
1895-01-15,-6.98486042022705
1895-02-15,-5.06238174438477
1895-03-15,-6.1348237991333
1895-04-15,-4.97109317779541
1895-05-15,-2.72544932365417
1895-06-15,-8.9511775970459
1895-07-15,-6.99540185928345
1895-08-15,-5.76497936248779
1895-09-15,-5.45425605773926
1895-10-15,-4.85452651977539
1895-11-15,-5.42276859283447
1895-12-15,-3.14481854438782
1896-01-15,-3.68834114074707
1896-02-15,-3.10345101356506
1896-03-15,-2.4363386631012
1896-04-15,-2.46612453460693
1896-05-15,-6.65168237686157
1896-06-15,-5.11458158493042
1896-07-15,-4.70161056518555
1896-08-15,-6.33664751052856
1896-09-15,-4.91195678710938
1896-10-15,-0.732976377010345
1896-11-15,-5.12219953536987
1896-12-15,-3.6463086605072
1897-01-15,-2.59426116943359
1897-02-15,-3.66390228271484
1897-03-15,-4.08428049087524
1897-04-15,-2.40972232818604
1897-05-15,-5.22835302352905
1897-06-15,-6.24358701705933
1897-07-15,-5.45584964752197
1897-08-15,-5.72909164428711
1897-09-15,-3.66686820983887
1897-10-15,-1.45913910865784
1897-11-15,-4.49966382980347
1897-12-15,-2.57621026039124
1898-01-15,-4.27679538726807
1898-02-15,-3.62457656860352
1898-03-15,-4.56662940979004
1898-04-15,-5.50378370285034
1898-05-15,-5.97443962097168
1898-06-15,-6.79677534103394
1898-07-15,-6.66757440567017
1898-08-15,-3.97841811180115
1898-09-15,-3.72226023674011
1898-10-15,-5.14304113388062
1898-11-15,-5.21441841125488
1898-12-15,-1.04165744781494
1899-01-15,-2.16692233085632
1899-02-15,-1.89074003696442
1899-03-15,-3.26101493835449
1899-04-15,-2.57463955879211
1899-05-15,-4.45139980316162
1899-06-15,-4.31638336181641
1899-07-15,-5.57231521606445
1899-08-15,-6.39845323562622
1899-09-15,-5.00136566162109
1899-10-15,-1.94960987567902
1899-11-15,-4.84875535964966
1899-12-15,-3.89356422424316
1900-01-15,-4.29232740402222
1900-02-15,-6.03791046142578
1900-03-15,-7.24833297729492
1900-04-15,-5.89979410171509
1900-05-15,-4.84603309631348
1900-06-15,-7.21697854995728
1900-07-15,-4.71000289916992
1900-08-15,-4.73150539398193
1900-09-15,-3.70870280265808
1900-10-15,-1.91989386081696
1900-11-15,-6.26128673553467
1900-12-15,-4.5835337638855
1901-01-15,-2.1337513923645
1901-02-15,-3.14346432685852
1901-03-15,-4.78408241271973
1901-04-15,-4.46206712722778
1901-05-15,-4.31859159469604
1901-06-15,-5.7589282989502
1901-07-15,-5.46786165237427
1901-08-15,-5.76361083984375
1901-09-15,-2.77837896347046
1901-10-15,-3.39815449714661
1901-11-15,-4.93111896514893
1901-12-15,-3.53648805618286
1902-01-15,-3.36104011535645
1902-02-15,-3.83257913589478
1902-03-15,-2.9836220741272
1902-04-15,-3.7526330947876
1902-05-15,-5.61921453475952
1902-06-15,-6.13696908950806
1902-07-15,-5.60965490341187
1902-08-15,-4.96826553344727
1902-09-15,-3.45777440071106
1902-10-15,-3.64078164100647
1902-11-15,-4.94290781021118
1902-12-15,-3.42696976661682
1903-01-15,-7.17749404907227
1903-02-15,-4.74730777740479
1903-03-15,-5.13866758346558
1903-04-15,-5.98049783706665
1903-05-15,-5.39684391021729
1903-06-15,-6.16914224624634
1903-07-15,-6.45209169387817
1903-08-15,-5.46723413467407
1903-09-15,-5.56253337860107
1903-10-15,-5.30580568313599
1903-11-15,-4.74123668670654
1903-12-15,-3.78011178970337
1904-01-15,-5.16770076751709
1904-02-15,-6.27941131591797
1904-03-15,-5.92999267578125
1904-04-15,-6.44145441055298
1904-05-15,-6.83054208755493
1904-06-15,-6.29049730300903
1904-07-15,-4.16345596313477
1904-08-15,-5.22727489471436
1904-09-15,-2.35769534111023
1904-10-15,-1.23899126052856
1904-11-15,-6.47924613952637
1904-12-15,-2.74025392532349
1905-01-15,-5.38296175003052
1905-02-15,-4.15207386016846
1905-03-15,-3.67473101615906
1905-04-15,-2.8373658657074
1905-05-15,-7.24453687667847
1905-06-15,-6.13523244857788
1905-07-15,-6.69152545928955
1905-08-15,-5.3878493309021
1905-09-15,-3.68457341194153
1905-10-15,-0.678126990795135
1905-11-15,-3.77998089790344
1905-12-15,-2.79744076728821
1906-01-15,-3.76296591758728
1906-02-15,-1.71854984760284
1906-03-15,-3.60720539093018
1906-04-15,-4.65781497955322
1906-05-15,-10.1459007263184
1906-06-15,-10.3261156082153
1906-07-15,-6.99842119216919
1906-08-15,-4.61762380599976
1906-09-15,-4.49480676651001
1906-10-15,-2.67600274085999
1906-11-15,-3.24971103668213
1906-12-15,-4.06296348571777
1907-01-15,-0.521609306335449
1907-02-15,-4.29306793212891
1907-03-15,-4.88527584075928
1907-04-15,-4.75145149230957
1907-05-15,-4.53250026702881
1907-06-15,-5.61421298980713
1907-07-15,-5.06763696670532
1907-08-15,-7.96142196655273
1907-09-15,-4.43268251419067
1907-10-15,-3.09244203567505
1907-11-15,-4.31138896942139
1907-12-15,-3.79746913909912
1908-01-15,-6.68397665023804
1908-02-15,-4.07706689834595
1908-03-15,-3.37389302253723
1908-04-15,-4.83626985549927
1908-05-15,-6.54274272918701
1908-06-15,-6.71639966964722
1908-07-15,-6.38316059112549
1908-08-15,-5.79855728149414
1908-09-15,-2.9792366027832
1908-10-15,-4.42845487594604
1908-11-15,-2.70400643348694
1908-12-15,-3.2000298500061
1909-01-15,-2.41335272789001
1909-02-15,-2.25640797615051
1909-03-15,-5.36556577682495
1909-04-15,-5.59566736221313
1909-05-15,-6.86487627029419
1909-06-15,-4.86891412734985
1909-07-15,-6.45971059799194
1909-08-15,-5.43852853775024
1909-09-15,-3.53768229484558
1909-10-15,-3.62106108665466
1909-11-15,-7.32365942001343
1909-12-15,-3.73453235626221
1910-01-15,-1.66659033298492
1910-02-15,-6.2884349822998
1910-03-15,-5.85429191589355
1910-04-15,-3.46983504295349
1910-05-15,-5.302894115448
1910-06-15,-5.87750244140625
1910-07-15,-4.30336952209473
1910-08-15,-5.48439884185791
1910-09-15,-4.48035955429077
1910-10-15,-2.40907287597656
1910-11-15,-6.8493185043335
1910-12-15,-2.51489663124084
1911-01-15,-6.07046175003052
1911-02-15,-5.05093574523926
1911-03-15,-2.24294662475586
1911-04-15,-3.42470264434814
1911-05-15,-9.03050899505615
1911-06-15,-7.24717569351196
1911-07-15,-4.49408054351807
1911-08-15,-5.09060096740723
1911-09-15,-5.59832763671875
1911-10-15,-4.72297191619873
1911-11-15,-4.50488805770874
1911-12-15,-4.39469623565674
1912-01-15,-5.6456093788147
1912-02-15,-5.06090545654297
1912-03-15,-3.59728980064392
1912-04-15,-6.53563070297241
1912-05-15,-5.29519701004028
1912-06-15,-5.21151065826416
1912-07-15,-5.37239599227905
1912-08-15,-3.29499650001526
1912-09-15,-2.3624587059021
1912-10-15,-6.03412771224976
1912-11-15,-5.00764322280884
1912-12-15,-6.6899938583374
1913-01-15,-7.23631954193115
1913-02-15,-4.39064836502075
1913-03-15,-4.71332406997681
1913-04-15,-5.64009046554565
1913-05-15,-6.10838317871094
1913-06-15,-6.90135288238525
1913-07-15,-6.34582901000977
1913-08-15,-2.95262813568115
1913-09-15,-4.3844633102417
1913-10-15,-1.80370855331421
1913-11-15,-5.30840349197388
1913-12-15,-2.2090699672699
1914-01-15,-3.84825325012207
1914-02-15,-3.31868672370911
1914-03-15,-3.62327027320862
1914-04-15,-3.81740784645081
1914-05-15,-4.80510234832764
1914-06-15,-3.78873801231384
1914-07-15,-6.22469186782837
1914-08-15,-7.44439888000488
1914-09-15,-3.54203248023987
1914-10-15,-3.56019735336304
1914-11-15,-1.20787930488586
1914-12-15,-3.10499024391174
1915-01-15,-3.93467879295349
1915-02-15,-4.89678001403809
1915-03-15,-5.61127233505249
1915-04-15,-4.32915782928467
1915-05-15,-5.83533096313477
1915-06-15,-4.14374732971191
1915-07-15,-6.17260503768921
1915-08-15,-6.33421230316162
1915-09-15,-5.10662269592285
1915-10-15,-5.93425607681274
1915-11-15,-2.49334788322449
1915-12-15,-3.79674339294434
1916-01-15,-5.75126504898071
1916-02-15,-4.99505376815796
1916-03-15,-3.58597350120544
1916-04-15,-4.82500886917114
1916-05-15,-7.62302827835083
1916-06-15,-4.35872411727905
1916-07-15,-5.97520399093628
1916-08-15,-6.11771059036255
1916-09-15,-1.90552687644958
1916-10-15,-3.10944199562073
1916-11-15,-4.23282670974731
1916-12-15,-2.88227367401123
1917-01-15,-7.70495748519897
1917-02-15,-4.25048446655273
1917-03-15,-1.81567645072937
1917-04-15,-3.27867102622986
1917-05-15,-4.34734392166138
1917-06-15,-6.20601224899292
1917-07-15,-6.40529918670654
1917-08-15,-4.19538736343384
1917-09-15,-3.57265663146973
1917-10-15,-2.85610413551331
1917-11-15,-2.66163659095764
1917-12-15,-3.07328987121582
1918-01-15,-2.64583134651184
1918-02-15,-3.09486865997314
1918-03-15,-6.39862108230591
1918-04-15,-2.99200510978699
1918-05-15,-4.26308298110962
1918-06-15,-5.35664510726929
1918-07-15,-6.97362422943115
1918-08-15,-7.11023664474487
1918-09-15,-2.9719398021698
1918-10-15,-2.03350067138672
1918-11-15,-1.82328021526337
1918-12-15,-4.95713710784912
1919-01-15,-1.77794599533081
1919-02-15,0.328959941864014
1919-03-15,-5.86038827896118
1919-04-15,-4.42277097702026
1919-05-15,-4.03611660003662
1919-06-15,-4.86276340484619
1919-07-15,-5.56364059448242
1919-08-15,-5.72602891921997
1919-09-15,-4.54861307144165
1919-10-15,-4.96479606628418
1919-11-15,-5.66573572158813
1919-12-15,-1.49011361598969
1920-01-15,-4.5443115234375
1920-02-15,-4.79837083816528
1920-03-15,-3.9651575088501
1920-04-15,-6.0259165763855
1920-05-15,-2.84726548194885
1920-06-15,-5.93439054489136
1920-07-15,-4.77518653869629
1920-08-15,-6.2080078125
1920-09-15,-4.8571629524231
1920-10-15,-4.11470222473145
1920-11-15,-1.9322657585144
1920-12-15,-3.03767585754395
1921-01-15,-2.1405611038208
1921-02-15,-3.87736177444458
1921-03-15,-3.25874662399292
1921-04-15,-4.09313917160034
1921-05-15,-4.68739414215088
1921-06-15,-8.04161548614502
1921-07-15,-5.02701234817505
1921-08-15,-6.34832286834717
1921-09-15,-5.92434644699097
1921-10-15,-3.29120445251465
1921-11-15,-5.30522775650024
1921-12-15,-3.53101706504822
1922-01-15,-2.89962482452393
1922-02-15,-3.35113024711609
1922-03-15,-4.1800422668457
1922-04-15,-4.62422943115234
1922-05-15,-5.86670064926147
1922-06-15,-5.70919466018677
1922-07-15,-4.54831171035767
1922-08-15,-6.03564739227295
1922-09-15,-4.1858696937561
1922-10-15,-1.84150695800781
1922-11-15,-4.79863309860229
1922-12-15,-3.20772695541382
1923-01-15,-3.40007257461548
1923-02-15,-2.94494962692261
1923-03-15,-5.14278841018677
1923-04-15,-5.41631841659546
1923-05-15,-4.24726247787476
1923-06-15,-5.21196317672729
1923-07-15,-5.23506450653076
1923-08-15,-3.18744325637817
1923-09-15,-5.07318878173828
1923-10-15,-1.95069599151611
1923-11-15,-1.46098065376282
1923-12-15,-2.84061598777771
1924-01-15,-1.96270215511322
1924-02-15,-1.79058134555817
1924-03-15,-1.11485958099365
1924-04-15,-3.39129638671875
1924-05-15,-4.57040691375732
1924-06-15,-4.77797031402588
1924-07-15,-4.63551235198975
1924-08-15,-6.60460329055786
1924-09-15,-4.01273250579834
1924-10-15,-1.40330159664154
1924-11-15,-1.40815949440002
1924-12-15,-1.97391891479492
1925-01-15,-4.30764770507812
1925-02-15,-2.98071670532227
1925-03-15,-6.23109245300293
1925-04-15,-3.71810126304626
1925-05-15,-4.98370790481567
1925-06-15,-5.62636709213257
1925-07-15,-5.2255916595459
1925-08-15,-3.78404378890991
1925-09-15,-5.21697378158569
1925-10-15,-4.00747537612915
1925-11-15,-2.19093537330627
1925-12-15,-2.14070296287537
1926-01-15,-3.01011204719543
1926-02-15,-4.95376443862915
1926-03-15,-4.70618295669556
1926-04-15,-3.70737147331238
1926-05-15,-3.97627902030945
1926-06-15,-5.0471510887146
1926-07-15,-6.34594297409058
1926-08-15,-4.78755760192871
1926-09-15,-3.54599046707153
1926-10-15,-4.50533771514893
1926-11-15,-3.31371188163757
1926-12-15,-1.0925909280777
1927-01-15,-10.119366645813
1927-02-15,-5.31929016113281
1927-03-15,-3.78135251998901
1927-04-15,-4.26413488388062
1927-05-15,-4.92345762252808
1927-06-15,-4.37649297714233
1927-07-15,-4.72737503051758
1927-08-15,-5.0544605255127
1927-09-15,-3.65824937820435
1927-10-15,-4.40839576721191
1927-11-15,-3.74387121200562
1927-12-15,-7.05981922149658
1928-01-15,-4.20938634872437
1928-02-15,-2.55494666099548
1928-03-15,-2.29378914833069
1928-04-15,-3.74745798110962
1928-05-15,-12.0468788146973
1928-06-15,-5.23994731903076
1928-07-15,-6.13730573654175
1928-08-15,-5.32070636749268
1928-09-15,-2.82878708839417
1928-10-15,-3.32030057907104
1928-11-15,-2.09174680709839
1928-12-15,-2.1023280620575
1929-01-15,-4.10728025436401
1929-02-15,-5.96182537078857
1929-03-15,-5.03320932388306
1929-04-15,-6.76410675048828
1929-05-15,-8.53475379943848
1929-06-15,-6.26183414459229
1929-07-15,-5.73577404022217
1929-08-15,-4.88341617584229
1929-09-15,-4.36075496673584
1929-10-15,-3.23682737350464
1929-11-15,-3.75286722183228
1929-12-15,-5.23424673080444
1930-01-15,-3.935142993927
1930-02-15,-6.17353916168213
1930-03-15,-4.37859201431274
1930-04-15,-4.54730415344238
1930-05-15,-6.18089008331299
1930-06-15,-6.5494532585144
1930-07-15,-5.57654762268066
1930-08-15,-4.70978116989136
1930-09-15,-2.83750486373901
1930-10-15,-1.118776679039
1930-11-15,-4.24827480316162
1930-12-15,-5.43426418304443
1931-01-15,-2.02257513999939
1931-02-15,-1.7385390996933
1931-03-15,-4.37907266616821
1931-04-15,-4.27899074554443
1931-05-15,-3.99947834014893
1931-06-15,-4.29147100448608
1931-07-15,-6.71124219894409
1931-08-15,-2.72407507896423
1931-09-15,-6.03668785095215
1931-10-15,-2.30493235588074
1931-11-15,-2.49254703521729
1931-12-15,-3.05574131011963
1932-01-15,-3.57620120048523
1932-02-15,-5.167236328125
1932-03-15,-2.79518890380859
1932-04-15,-4.44561529159546
1932-05-15,-5.48168230056763
1932-06-15,-6.96098709106445
1932-07-15,-5.4571852684021
1932-08-15,-5.91577482223511
1932-09-15,-5.24158477783203
1932-10-15,-1.47808301448822
1932-11-15,-3.95951414108276
1932-12-15,-5.91296052932739
1933-01-15,-3.25164318084717
1933-02-15,-4.25447463989258
1933-03-15,-2.44620013237
1933-04-15,-5.41914558410645
1933-05-15,-5.0820631980896
1933-06-15,-6.1811842918396
1933-07-15,-5.60738515853882
1933-08-15,-5.41988611221313
1933-09-15,-3.79885268211365
1933-10-15,-3.19309306144714
1933-11-15,-1.83981192111969
1933-12-15,-4.7199535369873
1934-01-15,-5.84804391860962
1934-02-15,-6.7035059928894
1934-03-15,-5.52919578552246
1934-04-15,-5.00249195098877
1934-05-15,-5.00642538070679
1934-06-15,-5.68858671188354
1934-07-15,-6.35536956787109
1934-08-15,-4.66342926025391
1934-09-15,-5.01996994018555
1934-10-15,-1.73200380802155
1934-11-15,-3.7847535610199
1934-12-15,-4.29800796508789
1935-01-15,-2.1419677734375
1935-02-15,-4.28555297851562
1935-03-15,-5.95957326889038
1935-04-15,-3.91995549201965
1935-05-15,-7.14068078994751
1935-06-15,-5.56863689422607
1935-07-15,-4.47247934341431
1935-08-15,-4.68764114379883
1935-09-15,-2.78813481330872
1935-10-15,-3.39639234542847
1935-11-15,-2.52939176559448
1935-12-15,-4.72857809066772
1936-01-15,-4.63374900817871
1936-02-15,-4.4023494720459
1936-03-15,-7.05125665664673
1936-04-15,-3.90751171112061
1936-05-15,-5.46501779556274
1936-06-15,-5.91781902313232
1936-07-15,-5.07540273666382
1936-08-15,-3.46893739700317
1936-09-15,-2.76717972755432
1936-10-15,-3.23813438415527
1936-11-15,-4.47306156158447
1936-12-15,-1.7098274230957
1937-01-15,-2.57074618339539
1937-02-15,-5.86274480819702
1937-03-15,-0.633283674716949
1937-04-15,-5.03420114517212
1937-05-15,-5.07549428939819
1937-06-15,-4.05370569229126
1937-07-15,-5.09369564056396
1937-08-15,-5.16795587539673
1937-09-15,-3.70797657966614
1937-10-15,-2.57354712486267
1937-11-15,-1.38565468788147
1937-12-15,-2.77057290077209
1938-01-15,-2.61427307128906
1938-02-15,-4.28366708755493
1938-03-15,-5.55976676940918
1938-04-15,-5.86859083175659
1938-05-15,-5.77734327316284
1938-06-15,-5.74792528152466
1938-07-15,-4.9212384223938
1938-08-15,-7.46641302108765
1938-09-15,-3.14002585411072
1938-10-15,-5.45358753204346
1938-11-15,-4.00682544708252
1938-12-15,-3.34064483642578
1939-01-15,-6.87264776229858
1939-02-15,-3.83766579627991
1939-03-15,-3.4822313785553
1939-04-15,-4.44466590881348
1939-05-15,-3.69961786270142
1939-06-15,-4.91580724716187
1939-07-15,-5.15975952148438
1939-08-15,-5.23507308959961
1939-09-15,-5.68797969818115
1939-10-15,-2.56205582618713
1939-11-15,-7.26197576522827
1939-12-15,-5.76793479919434
1940-01-15,-3.99865579605103
1940-02-15,-3.31183481216431
1940-03-15,-2.13004922866821
1940-04-15,-4.66163349151611
1940-05-15,-5.32432079315186
1940-06-15,-5.52803039550781
1940-07-15,-6.36288928985596
1940-08-15,-6.82196998596191
1940-09-15,-4.29653835296631
1940-10-15,-3.32442092895508
1940-11-15,-2.97383832931519
1940-12-15,-3.28790950775146
1941-01-15,-2.33785152435303
1941-02-15,-3.70789909362793
1941-03-15,-2.35967588424683
1941-04-15,-5.56307506561279
1941-05-15,-3.43646550178528
1941-06-15,-5.65365791320801
1941-07-15,-4.287841796875
1941-08-15,-3.46462249755859
1941-09-15,-0.570397973060608
1941-10-15,-3.69577479362488
1941-11-15,-2.43220949172974
1941-12-15,-5.45049571990967
1942-01-15,-4.23605680465698
1942-02-15,-1.43472635746002
1942-03-15,-5.60804319381714
1942-04-15,-5.29957580566406
1942-05-15,-5.66828918457031
1942-06-15,-5.09883069992065
1942-07-15,-6.83940553665161
1942-08-15,-6.17299556732178
1942-09-15,-2.45098304748535
1942-10-15,-1.83789217472076
1942-11-15,-4.07558345794678
1942-12-15,-3.07578635215759
1943-01-15,-2.93381404876709
1943-02-15,-4.09045171737671
1943-03-15,-1.16833770275116
1943-04-15,-4.35365962982178
1943-05-15,-4.28872394561768
1943-06-15,-3.87571740150452
1943-07-15,-7.09007740020752
1943-08-15,-6.97333765029907
1943-09-15,-5.11852169036865
1943-10-15,-3.08515930175781
1943-11-15,-4.79992341995239
1943-12-15,-0.871811747550964
1944-01-15,-2.63614630699158
1944-02-15,-2.5474796295166
1944-03-15,-4.09239912033081
1944-04-15,-3.66692709922791
1944-05-15,-5.47934246063232
1944-06-15,-6.7868595123291
1944-07-15,-5.26164388656616
1944-08-15,-3.51635813713074
1944-09-15,-4.10924959182739
1944-10-15,-3.11788010597229
1944-11-15,-4.37344694137573
1944-12-15,-2.24736332893372
1945-01-15,-3.57028079032898
1945-02-15,-2.38048219680786
1945-03-15,-4.36861848831177
1945-04-15,-4.05452108383179
1945-05-15,-5.08190107345581
1945-06-15,-7.10242366790771
1945-07-15,-6.02777338027954
1945-08-15,-6.34507846832275
1945-09-15,-5.95437049865723
1945-10-15,-3.92623496055603
1945-11-15,-3.56393456459045
1945-12-15,-3.98630928993225
1946-01-15,-7.81625318527222
1946-02-15,-5.11673545837402
1946-03-15,-2.01914811134338
1946-04-15,-4.04951667785645
1946-05-15,-6.68575954437256
1946-06-15,-2.59713411331177
1946-07-15,-6.62751960754395
1946-08-15,-5.24140405654907
1946-09-15,-4.25175142288208
1946-10-15,-0.11682340502739
1946-11-15,-2.64723634719849
1946-12-15,-2.81248450279236
1947-01-15,-5.32935333251953
1947-02-15,-4.7831244468689
1947-03-15,-4.09165954589844
1947-04-15,-6.72146511077881
1947-05-15,-4.62938213348389
1947-06-15,-6.18904161453247
1947-07-15,-6.76076030731201
1947-08-15,-5.89772462844849
1947-09-15,-4.31972980499268
1947-10-15,-3.9095287322998
1947-11-15,-2.11845135688782
1947-12-15,-1.52386951446533
1948-01-15,-3.46389985084534
1948-02-15,-6.18757104873657
1948-03-15,-3.08255982398987
1948-04-15,-3.60080718994141
1948-05-15,-7.84993696212769
1948-06-15,-6.28992033004761
1948-07-15,-6.19151639938354
1948-08-15,-4.0497145652771
1948-09-15,-5.21974515914917
1948-10-15,-3.79606652259827
1948-11-15,-2.4611976146698
1948-12-15,-2.77411651611328
1949-01-15,-6.500572681427
1949-02-15,-2.09213995933533
1949-03-15,-4.68465852737427
1949-04-15,-2.65176057815552
1949-05-15,-4.92837047576904
1949-06-15,-6.83178663253784
1949-07-15,-5.63018226623535
1949-08-15,-5.74563264846802
1949-09-15,-3.06611680984497
1949-10-15,-2.5505747795105
1949-11-15,-4.70283174514771
1949-12-15,-1.91975057125092
1950-01-15,-1.65928304195404
1950-02-15,-3.46510338783264
1950-03-15,-3.90266942977905
1950-04-15,-2.67331409454346
1950-05-15,-3.80815577507019
1950-06-15,-5.30514240264893
1950-07-15,-7.12542915344238
1950-08-15,-6.25133419036865
1950-09-15,-4.03829717636108
1950-10-15,-4.27504396438599
1950-11-15,-2.49507737159729
1950-12-15,-3.44004893302917
1951-01-15,-3.28648686408997
1951-02-15,-6.46221685409546
1951-03-15,-6.18432188034058
1951-04-15,-3.39180374145508
1951-05-15,-5.92707777023315
1951-06-15,-6.62445592880249
1951-07-15,-6.0450267791748
1951-08-15,-3.60091948509216
1951-09-15,-3.24079823493958
1951-10-15,-1.78380107879639
1951-11-15,-4.6061315536499
1951-12-15,-2.16724967956543
1952-01-15,-4.16453838348389
1952-02-15,-2.3725152015686
1952-03-15,-4.57325887680054
1952-04-15,-2.74558162689209
1952-05-15,-3.57159852981567
1952-06-15,-5.1366548538208
1952-07-15,-5.93931436538696
1952-08-15,-4.54931211471558
1952-09-15,-2.93805742263794
1952-10-15,-1.99481070041656
1952-11-15,-3.5851001739502
1952-12-15,-7.82732963562012
1953-01-15,-1.89242959022522
1953-02-15,-3.44691300392151
1953-03-15,-2.75826644897461
1953-04-15,-2.92920207977295
1953-05-15,-4.28240919113159
1953-06-15,-7.06043815612793
1953-07-15,-3.46076917648315
1953-08-15,-3.47681045532227
1953-09-15,-5.8406195640564
1953-10-15,-2.17438292503357
1953-11-15,-6.02790498733521
1953-12-15,-2.6335597038269
1954-01-15,-9.52917575836182
1954-02-15,-2.22978043556213
1954-03-15,-4.52115964889526
1954-04-15,-3.97223663330078
1954-05-15,-5.04736423492432
1954-06-15,-6.61421537399292
1954-07-15,-4.59519147872925
1954-08-15,-4.61247158050537
1954-09-15,-4.85145998001099
1954-10-15,-6.8973822593689
1954-11-15,-5.63811731338501
1954-12-15,-1.45992290973663
1955-01-15,-3.18240904808044
1955-02-15,-4.27100944519043
1955-03-15,-3.65658354759216
1955-04-15,-4.00012159347534
1955-05-15,-5.44925308227539
1955-06-15,-5.38623857498169
1955-07-15,-4.51350402832031
1955-08-15,-5.79078578948975
1955-09-15,-5.48961448669434
1955-10-15,-4.94152593612671
1955-11-15,-2.88799977302551
1955-12-15,-3.52683901786804
1956-01-15,-5.86204147338867
1956-02-15,-7.47947120666504
1956-03-15,-6.50998210906982
1956-04-15,-9.71976566314697
1956-05-15,-3.16302490234375
1956-06-15,-6.62110424041748
1956-07-15,-6.083740234375
1956-08-15,-7.14065265655518
1956-09-15,-4.75952959060669
1956-10-15,-3.56795597076416
1956-11-15,-1.72897577285767
1956-12-15,-3.62952637672424
1957-01-15,-3.30243110656738
1957-02-15,-7.28675603866577
1957-03-15,-3.14935922622681
1957-04-15,-2.75301384925842
1957-05-15,-7.25536489486694
1957-06-15,-4.28193855285645
1957-07-15,-4.86993932723999
1957-08-15,-3.8001663684845
1957-09-15,-3.63895630836487
1957-10-15,-1.32561051845551
1957-11-15,-3.98535943031311
1957-12-15,-6.31391143798828
1958-01-15,-3.16366291046143
1958-02-15,-4.8931450843811
1958-03-15,-2.38600182533264
1958-04-15,-4.61931562423706
1958-05-15,-4.51763010025024
1958-06-15,-4.43580770492554
1958-07-15,-5.98737335205078
1958-08-15,-4.82216644287109
1958-09-15,-3.08038020133972
1958-10-15,-4.37653112411499
1958-11-15,-3.34976267814636
1958-12-15,-3.46897625923157
1959-01-15,-5.92964553833008
1959-02-15,-6.11531352996826
1959-03-15,-2.9525294303894
1959-04-15,-3.49530625343323
1959-05-15,-5.48024082183838
1959-06-15,-6.35815286636353
1959-07-15,-5.46719598770142
1959-08-15,-3.71614384651184
1959-09-15,-3.36850905418396
1959-10-15,-0.698150217533112
1959-11-15,-5.10006046295166
1959-12-15,-5.33429288864136
1960-01-15,-7.68656444549561
1960-02-15,-5.27303457260132
1960-03-15,-3.87212085723877
1960-04-15,-6.37168550491333
1960-05-15,-4.59400320053101
1960-06-15,-5.19775390625
1960-07-15,-6.13192987442017
1960-08-15,-6.11286449432373
1960-09-15,-3.72171235084534
1960-10-15,-2.10009264945984
1960-11-15,-0.994255781173706
1960-12-15,-1.62056052684784
1961-01-15,-5.42654705047607
1961-02-15,-2.59940242767334
1961-03-15,-2.84845471382141
1961-04-15,-3.19114065170288
1961-05-15,-3.98345851898193
1961-06-15,-6.61336803436279
1961-07-15,-5.50289011001587
1961-08-15,-6.92967128753662
1961-09-15,-3.68835282325745
1961-10-15,-4.31611824035645
1961-11-15,-8.06921577453613
1961-12-15,-5.78552579879761
1962-01-15,-2.51550841331482
1962-02-15,-2.1138904094696
1962-03-15,-2.2905421257019
1962-04-15,-6.15843629837036
1962-05-15,-4.72392225265503
1962-06-15,-7.58497095108032
1962-07-15,-5.4268217086792
1962-08-15,-3.09155058860779
1962-09-15,-3.79891204833984
1962-10-15,-4.13571929931641
1962-11-15,-5.56038904190063
1962-12-15,-3.04196715354919
1963-01-15,-4.26647520065308
1963-02-15,-3.02665376663208
1963-03-15,-4.81109762191772
1963-04-15,-4.13260650634766
1963-05-15,-4.51230764389038
1963-06-15,-5.26508665084839
1963-07-15,-3.90829706192017
1963-08-15,-5.55668258666992
1963-09-15,-3.2415452003479
1963-10-15,-1.37145733833313
1963-11-15,-4.62721109390259
1963-12-15,-2.84723305702209
1964-01-15,-4.04382944107056
1964-02-15,-2.49647688865662
1964-03-15,-3.98032474517822
1964-04-15,-3.07659602165222
1964-05-15,-4.93245887756348
1964-06-15,-4.97073936462402
1964-07-15,-8.0690336227417
1964-08-15,-6.01929950714111
1964-09-15,-5.13901042938232
1964-10-15,-3.46875929832458
1964-11-15,-5.9306206703186
1964-12-15,-2.78888392448425
1965-01-15,-6.20349025726318
1965-02-15,-3.925208568573
1965-03-15,-4.2361011505127
1965-04-15,-3.98235106468201
1965-05-15,-5.87400531768799
1965-06-15,-6.68538045883179
1965-07-15,-5.0334095954895
1965-08-15,-4.53307437896729
1965-09-15,-4.21972894668579
1965-10-15,-2.7948203086853
1965-11-15,-2.7448410987854
1965-12-15,-2.21214556694031
1966-01-15,-3.99256777763367
1966-02-15,-3.14040517807007
1966-03-15,-2.998939037323
1966-04-15,-4.00975751876831
1966-05-15,-5.21608877182007
1966-06-15,-6.55359315872192
1966-07-15,-4.8422908782959
1966-08-15,-4.34781503677368
1966-09-15,-2.87722992897034
1966-10-15,-3.14463233947754
1966-11-15,-3.26310515403748
1966-12-15,-2.52589273452759
1967-01-15,-1.50933599472046
1967-02-15,-1.84620404243469
1967-03-15,-2.57965850830078
1967-04-15,-5.12440776824951
1967-05-15,-4.82428550720215
1967-06-15,-6.34415626525879
1967-07-15,-5.90381145477295
1967-08-15,-4.95532703399658
1967-09-15,-4.95141792297363
1967-10-15,-4.44007062911987
1967-11-15,-2.7672381401062
1967-12-15,-5.07950115203857
1968-01-15,-5.33700370788574
1968-02-15,-5.06134366989136
1968-03-15,-4.30907344818115
1968-04-15,-3.29874587059021
1968-05-15,-5.92575931549072
1968-06-15,-7.92604923248291
1968-07-15,-7.03714275360107
1968-08-15,-5.49748849868774
1968-09-15,-3.56885719299316
1968-10-15,-2.61396241188049
1968-11-15,-3.00430274009705
1968-12-15,-2.99182271957397
1969-01-15,-3.05655813217163
1969-02-15,-4.00133085250854
1969-03-15,-0.799002647399902
1969-04-15,-2.83454251289368
1969-05-15,-5.08948373794556
1969-06-15,-5.68893814086914
1969-07-15,-6.42579460144043
1969-08-15,-5.14834403991699
1969-09-15,-3.23575520515442
1969-10-15,-5.05737400054932
1969-11-15,-2.86347222328186
1969-12-15,-4.46635675430298
1970-01-15,-4.82855415344238
1970-02-15,-3.51834058761597
1970-03-15,-2.15233421325684
1970-04-15,-6.65820121765137
1970-05-15,-6.30211353302002
1970-06-15,-4.75204133987427
1970-07-15,-5.32926845550537
1970-08-15,-5.40456962585449
1970-09-15,-3.69557929039001
1970-10-15,-4.23462438583374
1970-11-15,-3.35078620910645
1970-12-15,-5.19376182556152
1971-01-15,-1.68500971794128
1971-02-15,-3.93302655220032
1971-03-15,-3.36975479125977
1971-04-15,-5.7999415397644
1971-05-15,-3.99859809875488
1971-06-15,-4.22701072692871
1971-07-15,-6.04104709625244
1971-08-15,-6.45519065856934
1971-09-15,-4.99394798278809
1971-10-15,-3.14003229141235
1971-11-15,-2.88431692123413
1971-12-15,-6.69842863082886
1972-01-15,-3.55380153656006
1972-02-15,-3.24876141548157
1972-03-15,-2.01339769363403
1972-04-15,-4.09918928146362
1972-05-15,-6.29754018783569
1972-06-15,-6.05244636535645
1972-07-15,-4.93252944946289
1972-08-15,-6.66206645965576
1972-09-15,-2.4043824672699
1972-10-15,-0.900338172912598
1972-11-15,-2.28994274139404
1972-12-15,-3.67015933990479
1973-01-15,-2.57280945777893
1973-02-15,-7.73877000808716
1973-03-15,-2.41532111167908
1973-04-15,-3.64788746833801
1973-05-15,-6.56584358215332
1973-06-15,-5.27297782897949
1973-07-15,-5.50252389907837
1973-08-15,-4.72027254104614
1973-09-15,-5.08735704421997
1973-10-15,-2.99445676803589
1973-11-15,-4.56492853164673
1973-12-15,-7.77123689651489
1974-01-15,-0.562686026096344
1974-02-15,-1.98297870159149
1974-03-15,-3.17518091201782
1974-04-15,-4.31568336486816
1974-05-15,-6.00171804428101
1974-06-15,-4.56141185760498
1974-07-15,-5.17154216766357
1974-08-15,-5.28325080871582
1974-09-15,-4.7968864440918
1974-10-15,-4.86656904220581
1974-11-15,-5.33180665969849
1974-12-15,-3.30697083473206
1975-01-15,-1.77053773403168
1975-02-15,-9.23321914672852
1975-03-15,-3.61978101730347
1975-04-15,-4.05061292648315
1975-05-15,-5.38662433624268
1975-06-15,-6.77012157440186
1975-07-15,-8.50387859344482
1975-08-15,-3.58134841918945
1975-09-15,-4.29676055908203
1975-10-15,-2.59888029098511
1975-11-15,-2.00994300842285
1975-12-15,-3.27427196502686
1976-01-15,-1.87881255149841
1976-02-15,-4.67444705963135
1976-03-15,-5.36269283294678
1976-04-15,-4.26171970367432
1976-05-15,-3.88489294052124
1976-06-15,-5.08377170562744
1976-07-15,-7.47196960449219
1976-08-15,-5.04334354400635
1976-09-15,-6.29903316497803
1976-10-15,-2.49503087997437
1976-11-15,-6.40896940231323
1976-12-15,-3.1521782875061
1977-01-15,-4.2735161781311
1977-02-15,-4.23204755783081
1977-03-15,-3.76740002632141
1977-04-15,-4.71529912948608
1977-05-15,-6.04154586791992
1977-06-15,-4.81904935836792
1977-07-15,-5.64533233642578
1977-08-15,-5.99354362487793
1977-09-15,-4.19006776809692
1977-10-15,-1.53386783599854
1977-11-15,-1.69982755184174
1977-12-15,-2.97683668136597
1978-01-15,-3.33612298965454
1978-02-15,-3.38639760017395
1978-03-15,-3.92254900932312
1978-04-15,-6.18859434127808
1978-05-15,-1.72536826133728
1978-06-15,-4.0541934967041
1978-07-15,-5.83527755737305
1978-08-15,-4.18725872039795
1978-09-15,-2.19672250747681
1978-10-15,-4.0541467666626
1978-11-15,-2.2083420753479
1978-12-15,-2.20608711242676
1979-01-15,-1.67817664146423
1979-02-15,-3.87351202964783
1979-03-15,-3.99976539611816
1979-04-15,-4.93327856063843
1979-05-15,-3.44560408592224
1979-06-15,-5.03014135360718
1979-07-15,-5.26909685134888
1979-08-15,-7.01733493804932
1979-09-15,-4.91493940353394
1979-10-15,-3.67472267150879
1979-11-15,-2.22094678878784
1979-12-15,-4.46808481216431
1980-01-15,-1.41461002826691
1980-02-15,-4.3188943862915
1980-03-15,-2.11484599113464
1980-04-15,-3.35662651062012
1980-05-15,-7.43664646148682
1980-06-15,-5.90065670013428
1980-07-15,-5.45128488540649
1980-08-15,-5.07918500900269
1980-09-15,-3.97837376594543
1980-10-15,-3.01892256736755
1980-11-15,-3.54905009269714
1980-12-15,-3.78319716453552
1981-01-15,-3.06219935417175
1981-02-15,-3.19982647895813
1981-03-15,-5.11109733581543
1981-04-15,-2.30057525634766
1981-05-15,-6.19596767425537
1981-06-15,-5.13757467269897
1981-07-15,-7.8804783821106
1981-08-15,-4.09825897216797
1981-09-15,-1.88831746578217
1981-10-15,-2.57329487800598
1981-11-15,-6.19994878768921
1981-12-15,-4.7349419593811
1982-01-15,-1.06128823757172
1982-02-15,-7.33206844329834
1982-03-15,-2.86860156059265
1982-04-15,-3.64431381225586
1982-05-15,-4.3320484161377
1982-06-15,-5.89422655105591
1982-07-15,-4.40819787979126
1982-08-15,-4.92244529724121
1982-09-15,-2.16738820075989
1982-10-15,-1.02114641666412
1982-11-15,-2.8309965133667
1982-12-15,-4.61499834060669
1983-01-15,-3.63432836532593
1983-02-15,-5.07720327377319
1983-03-15,-4.91052484512329
1983-04-15,-5.42211771011353
1983-05-15,-6.39227056503296
1983-06-15,-3.54595899581909
1983-07-15,-5.23017835617065
1983-08-15,-5.99075317382812
1983-09-15,-2.93222594261169
1983-10-15,-5.0677170753479
1983-11-15,-4.26197528839111
1983-12-15,-4.53068065643311
1984-01-15,-2.92635369300842
1984-02-15,-2.76826643943787
1984-03-15,-1.80985057353973
1984-04-15,-8.34738636016846
1984-05-15,-5.51163625717163
1984-06-15,-4.35165977478027
1984-07-15,-5.50689029693604
1984-08-15,-6.312087059021
1984-09-15,-4.10923051834106
1984-10-15,-2.50873112678528
1984-11-15,-3.39736557006836
1984-12-15,-3.80772018432617
1985-01-15,-2.31947684288025
1985-02-15,-6.89669704437256
1985-03-15,-6.10591602325439
1985-04-15,-2.31062436103821
1985-05-15,-5.19347953796387
1985-06-15,-4.08147859573364
1985-07-15,-7.87485456466675
1985-08-15,-5.02339315414429
1985-09-15,-3.73054504394531
1985-10-15,-2.17225933074951
1985-11-15,-1.90202379226685
1985-12-15,-3.62858200073242
1986-01-15,-1.96526741981506
1986-02-15,-0.488347113132477
1986-03-15,-1.80726790428162
1986-04-15,-5.80271339416504
1986-05-15,-4.17162704467773
1986-06-15,-6.72736644744873
1986-07-15,-7.01926231384277
1986-08-15,-4.80619239807129
1986-09-15,-4.65109062194824
1986-10-15,-2.39632058143616
1986-11-15,-2.90158867835999
1986-12-15,-1.20293056964874
1987-01-15,-4.44877672195435
1987-02-15,-0.734239339828491
1987-03-15,-3.84545516967773
1987-04-15,-4.08109951019287
1987-05-15,-6.51922273635864
1987-06-15,-8.4103832244873
1987-07-15,-4.68938064575195
1987-08-15,-4.64593124389648
1987-09-15,-4.6667275428772
1987-10-15,-3.76232409477234
1987-11-15,-6.07857513427734
1987-12-15,-2.88513803482056
1988-01-15,0.157247319817543
1988-02-15,-3.92835998535156
1988-03-15,-7.3714804649353
1988-04-15,-4.23948955535889
1988-05-15,-2.037353515625
1988-06-15,-5.09132194519043
1988-07-15,-8.93829154968262
1988-08-15,-4.703200340271
1988-09-15,-4.14319515228271
1988-10-15,-4.70185613632202
1988-11-15,-3.2884693145752
1988-12-15,-3.88176941871643
1989-01-15,-2.09293794631958
1989-02-15,-2.21542406082153
1989-03-15,-2.71530485153198
1989-04-15,-2.94380760192871
1989-05-15,-8.1400260925293
1989-06-15,-6.47571420669556
1989-07-15,-4.6120343208313
1989-08-15,-5.52696132659912
1989-09-15,-3.38545751571655
1989-10-15,-3.91747641563416
1989-11-15,-5.38504362106323
1989-12-15,-5.78499269485474
1990-01-15,-5.12752056121826
1990-02-15,-3.03537654876709
1990-03-15,-5.4306435585022
1990-04-15,-3.3580048084259
1990-05-15,-4.99370002746582
1990-06-15,-7.47254943847656
1990-07-15,-5.75499582290649
1990-08-15,-4.30654096603394
1990-09-15,-2.92456316947937
1990-10-15,-0.159942120313644
1990-11-15,-4.95059537887573
1990-12-15,-2.33409190177917
1991-01-15,-5.83331346511841
1991-02-15,-3.39352035522461
1991-03-15,-6.37913274765015
1991-04-15,-3.21062326431274
1991-05-15,-5.47388553619385
1991-06-15,-6.92287921905518
1991-07-15,-6.66282510757446
1991-08-15,-5.72325229644775
1991-09-15,-4.42850971221924
1991-10-15,-3.42647981643677
1991-11-15,0.125808522105217
1991-12-15,-1.47361552715302
1992-01-15,-1.36229741573334
1992-02-15,-2.47544813156128
1992-03-15,-4.59903430938721
1992-04-15,-4.94193267822266
1992-05-15,-4.13561201095581
1992-06-15,-6.07908964157104
1992-07-15,-5.2067756652832
1992-08-15,-5.17923831939697
1992-09-15,-3.01248097419739
1992-10-15,-1.27150774002075
1992-11-15,-4.37227821350098
1992-12-15,-1.2909824848175
1993-01-15,-2.32964563369751
1993-02-15,-4.24886894226074
1993-03-15,-5.1340126991272
1993-04-15,-3.05167675018311
1993-05-15,-3.52804255485535
1993-06-15,-5.96653842926025
1993-07-15,-5.36342716217041
1993-08-15,-5.64830350875854
1993-09-15,-4.35183048248291
1993-10-15,-1.30571186542511
1993-11-15,-3.39559888839722
1993-12-15,-2.68003273010254
1994-01-15,-5.82685852050781
1994-02-15,-2.373703956604
1994-03-15,-5.04263639450073
1994-04-15,-4.70837688446045
1994-05-15,-8.31359195709229
1994-06-15,-6.38688802719116
1994-07-15,-5.39496850967407
1994-08-15,-4.2998948097229
1994-09-15,-3.85714507102966
1994-10-15,-2.47145891189575
1994-11-15,-3.87728834152222
1994-12-15,-6.57608652114868
1995-01-15,-3.94800543785095
1995-02-15,-3.64110517501831
1995-03-15,-2.38235116004944
1995-04-15,-5.60310459136963
1995-05-15,-3.60526704788208
1995-06-15,-5.82084655761719
1995-07-15,-5.44866514205933
1995-08-15,-5.04980087280273
1995-09-15,-3.66664958000183
1995-10-15,-3.22952508926392
1995-11-15,-3.01450204849243
1995-12-15,-2.47574472427368
1996-01-15,-4.16154670715332
1996-02-15,-6.50121974945068
1996-03-15,-4.51610326766968
1996-04-15,-2.82952380180359
1996-05-15,-4.4924898147583
1996-06-15,-6.70707988739014
1996-07-15,-5.95180559158325
1996-08-15,-5.04040575027466
1996-09-15,-2.53011989593506
1996-10-15,-5.11980199813843
1996-11-15,-4.07602214813232
1996-12-15,-5.35338973999023
1997-01-15,-2.76792192459106
1997-02-15,-4.72762489318848
1997-03-15,-2.16762375831604
1997-04-15,-4.5945348739624
1997-05-15,-6.54868793487549
1997-06-15,-4.82545328140259
1997-07-15,-5.33312177658081
1997-08-15,-6.61851024627686
1997-09-15,-2.65050959587097
1997-10-15,-3.57223200798035
1997-11-15,-2.52921557426453
1997-12-15,-3.09548497200012
1998-01-15,-2.40501523017883
1998-02-15,-4.37619161605835
1998-03-15,-3.0310115814209
1998-04-15,-2.97754001617432
1998-05-15,-4.35595083236694
1998-06-15,-5.15452098846436
1998-07-15,-5.4712495803833
1998-08-15,-5.14304399490356
1998-09-15,-5.19326686859131
1998-10-15,-2.23534798622131
1998-11-15,-2.04291224479675
1998-12-15,-3.94738507270813
1999-01-15,-4.16287994384766
1999-02-15,-3.17904424667358
1999-03-15,-3.97036814689636
1999-04-15,-6.48982095718384
1999-05-15,-3.84799599647522
1999-06-15,-3.80009365081787
1999-07-15,-3.77525305747986
1999-08-15,-8.05852127075195
1999-09-15,-4.63359069824219
1999-10-15,-3.98166561126709
1999-11-15,-1.22075891494751
1999-12-15,-3.0821578502655
2000-01-15,-8.91586875915527
2000-02-15,-4.34459781646729
2000-03-15,-4.53436374664307
2000-04-15,-4.76852941513062
2000-05-15,-4.63710975646973
2000-06-15,-5.50885534286499
2000-07-15,-4.27351951599121
2000-08-15,-4.94666194915771
2000-09-15,-3.62387943267822
2000-10-15,-5.3125901222229
2000-11-15,-3.89951634407043
2000-12-15,-1.05065202713013
2001-01-15,-4.27283525466919
2001-02-15,-4.37133741378784
2001-03-15,-4.91346597671509
2001-04-15,-4.52617073059082
2001-05-15,-3.75876903533936
2001-06-15,-5.04361534118652
2001-07-15,-6.29041719436646
2001-08-15,-5.89110279083252
2001-09-15,-4.48267269134521
2001-10-15,-2.73780274391174
2001-11-15,-4.11954069137573
2001-12-15,-4.47617149353027
2002-01-15,-2.91000962257385
2002-02-15,-1.90581929683685
2002-03-15,-6.15303993225098
2002-04-15,-6.23568248748779
2002-05-15,-5.3718843460083
2002-06-15,-5.9608302116394
2002-07-15,-6.58720922470093
2002-08-15,-4.34416484832764
2002-09-15,-4.14275550842285
2002-10-15,-1.75389540195465
2002-11-15,0.536027193069458
2002-12-15,-2.41249918937683
2003-01-15,-2.79782366752625
2003-02-15,-0.717850029468536
2003-03-15,-1.711501121521
2003-04-15,-3.21512413024902
2003-05-15,-4.27510547637939
2003-06-15,-4.5450005531311
2003-07-15,-6.51730394363403
2003-08-15,-5.46717166900635
2003-09-15,-4.31699657440186
2003-10-15,-4.59485912322998
2003-11-15,-3.78555750846863
2003-12-15,-5.21603679656982
2004-01-15,-2.70535516738892
2004-02-15,-3.91520071029663
2004-03-15,-5.41636610031128
2004-04-15,-2.9988865852356
2004-05-15,-4.63232660293579
2004-06-15,-4.1204137802124
2004-07-15,-4.69895553588867
2004-08-15,-4.84562158584595
2004-09-15,-2.54490423202515
2004-10-15,-4.19470119476318
2004-11-15,-4.4969630241394
2004-12-15,-4.3292121887207
2005-01-15,-2.46051406860352
2005-02-15,-1.81364715099335
2005-03-15,-6.00149202346802
2005-04-15,-1.59898591041565
2005-05-15,-4.84355211257935
2005-06-15,-5.16002082824707
2005-07-15,-4.76920032501221
2005-08-15,-4.29194068908691
2005-09-15,-4.12191820144653
2005-10-15,-3.04069232940674
2005-11-15,-3.09086465835571
2005-12-15,-2.6789026260376
2006-01-15,-4.67063236236572
2006-02-15,-5.36235761642456
2006-03-15,-3.11833047866821
2006-04-15,-4.59109163284302
2006-05-15,-4.44877910614014
2006-06-15,-5.05774879455566
2006-07-15,-5.08524322509766
2006-08-15,-5.23744964599609
2006-09-15,-4.45767545700073
2006-10-15,-2.30355095863342
2006-11-15,-4.57281303405762
2006-12-15,-2.90924954414368
2007-01-15,-1.32084214687347
2007-02-15,-4.37192726135254
2007-03-15,-3.83897805213928
2007-04-15,-3.89409637451172
2007-05-15,-4.75880146026611
2007-06-15,-5.71631383895874
2007-07-15,-7.5540337562561
2007-08-15,-6.56834602355957
2007-09-15,-3.54362106323242
2007-10-15,-4.3125467300415
2007-11-15,-3.84842967987061
2007-12-15,-4.01532363891602
2008-01-15,-2.79036116600037
2008-02-15,-4.15004396438599
2008-03-15,-5.09883975982666
2008-04-15,-3.5459144115448
2008-05-15,-6.76298332214355
2008-06-15,-5.82449960708618
2008-07-15,-5.55675363540649
2008-08-15,-5.61217164993286
2008-09-15,-4.28649473190308
2008-10-15,-2.87713241577148
2008-11-15,-3.84771394729614
2008-12-15,-3.41323232650757
2009-01-15,-5.40655326843262
2009-02-15,-1.9744713306427
2009-03-15,-3.85272192955017
2009-04-15,-4.09088802337646
2009-05-15,-5.037437915802
2009-06-15,-5.56051158905029
2009-07-15,-4.2284631729126
2009-08-15,-5.83658599853516
2009-09-15,-3.20807671546936
2009-10-15,-4.80749177932739
2009-11-15,-2.80591678619385
2009-12-15,-1.46547198295593
2010-01-15,-4.25743770599365
2010-02-15,-4.53524112701416
2010-03-15,-4.16269397735596
2010-04-15,-3.14538049697876
2010-05-15,-5.07787799835205
2010-06-15,-6.7326865196228
2010-07-15,-6.55713081359863
2010-08-15,-4.69244146347046
2010-09-15,-2.86003470420837
2010-10-15,-2.43522787094116
2010-11-15,-4.05258846282959
2010-12-15,-5.19611072540283
2011-01-15,-6.5758228302002
2011-02-15,-5.28295946121216
2011-03-15,-4.40231370925903
2011-04-15,-3.64591598510742
2011-05-15,-2.91343760490417
2011-06-15,-4.48948287963867
2011-07-15,-7.25041723251343
2011-08-15,-4.78507852554321
2011-09-15,-4.18363571166992
2011-10-15,-4.19340419769287
2011-11-15,-2.41108226776123
2011-12-15,-2.9700345993042
